Workbook

Sheet README
A1: Thermal-Conductivity and Effective-MFP Analysis
A3: Case | B3: 200K_arm_pristine
A4: Source file | B4: 200K_arm_pristine.xlsx
A5: Source sheet | B5: Sheet1
A6: Primary model | B6: 1/kappa(L) = a + b/L
A7: Infinite-length conductivity | B7: kappa_inf = 1/a
A8: Effective characteristic MFP | B8: lambda_eff = b/a
A9: Bootstrap iterations | B9: 10000
A10: Bootstrap random seed | B10: 20260725
A11: Bootstrap mode | B11: independent
A12: Finite-length uncertainty | B12: Two-sided 95% Student-t confidence interval
A13: Interpretation limitation | B13: lambda_eff is a characteristic parameter of the selected suppression model, not a mode-resolved MFP spectrum.
A16: Recommended reporting
A17: kappa_inf | B17: 173.442 (+2.6397/-2.53212) W m^-1 K^-1, bootstrap 95% CI
A18: lambda_eff | B18: 13.662 (+1.41376/-1.40252) nm, bootstrap 95% CI
A20: Color convention
A21: Blue text | B21: User-adjustable inputs or settings
A22: Green text | B22: Imported source data
A23: Black text | B23: Formulas or calculated values
A24: Gray text | B24: Static labels or constants
A25: Orange fill | B25: Review or caution
A26: Light red fill | B26: Failure or error

Sheet Raw_Data
A1: Length_nm | B1: seed 1 | C1: seed 2 | D1: seed 3 | E1: seed 4 | F1: seed 5
A2: 31.835539 | B2: 117.618 | C2: 120.604 | D2: 121.807 | E2: 128.113 | F2: 124.502
A3: 43.504887 | B3: 128.192 | C3: 132.844 | D3: 134.28 | E3: 132.994 | F3: 131.019
A4: 64.257158 | B4: 140.175 | C4: 140.054 | D4: 142.155 | E4: 142.988 | F4: 140.517
A5: 85.033143 | B5: 145.495 | C5: 144.377 | D5: 146.777 | E5: 147.136 | F5: 149.194
A6: 160.74241 | B6: 159.445 | C6: 157.408 | D6: 158.702 | E6: 161.381 | F6: 166.656
A7: 200.95374 | B7: 163.265 | C7: 165.3 | D7: 165.867 | E7: 166.171 | F7: 168.005

Sheet Length_Statistics
A1: Length_nm | B1: Mean_kappa | C1: Sample_SD | D1: N | E1: SE | F1: t_critical_95 | G1: CI_half_width | H1: CI_lower | I1: CI_upper | J1: 1_over_L | K1: 1_over_mean_kappa | L1: Reciprocal_negative_error | M1: Reciprocal_positive_error | N1: Fitted_1_over_kappa | O1: Residual | P1: Predicted_kappa
A2: =Raw_Data!A2 -> 31.835539 | B2: =AVERAGE(Raw_Data!B2:F2) -> 122.5288 | C2: =_xludf.STDEV.S(Raw_Data!B2:F2) -> #NAME? | D2: =COUNT(Raw_Data!B2:F2) -> 5 | E2: =C2/SQRT(D2) -> #NAME? | F2: =_xludf.T.INV.2T(0.05,D2-1) -> #NAME? | G2: =E2*F2 -> #NAME? | H2: =B2-G2 -> #NAME? | I2: =B2+G2 -> #NAME? | J2: =1/A2 -> 0.031411436 | K2: =1/B2 -> 0.0081613466 | L2: =K2-1/I2 -> #NAME? | M2: =1/H2-K2 -> #NAME? | N2: =Fit_Summary!B5+Fit_Summary!B6*J2 -> 0.0082367702 | O2: =K2-N2 -> -7.5423672e-05 | P2: =1/N2 -> 121.40681
A3: =Raw_Data!A3 -> 43.504887 | B3: =AVERAGE(Raw_Data!B3:F3) -> 131.8658 | C3: =_xludf.STDEV.S(Raw_Data!B3:F3) -> #NAME? | D3: =COUNT(Raw_Data!B3:F3) -> 5 | E3: =C3/SQRT(D3) -> #NAME? | F3: =_xludf.T.INV.2T(0.05,D3-1) -> #NAME? | G3: =E3*F3 -> #NAME? | H3: =B3-G3 -> #NAME? | I3: =B3+G3 -> #NAME? | J3: =1/A3 -> 0.022985923 | K3: =1/B3 -> 0.0075834674 | L3: =K3-1/I3 -> #NAME? | M3: =1/H3-K3 -> #NAME? | N3: =Fit_Summary!B5+Fit_Summary!B6*J3 -> 0.0075741322 | O3: =K3-N3 -> 9.3352617e-06 | P3: =1/N3 -> 132.02833
A4: =Raw_Data!A4 -> 64.257158 | B4: =AVERAGE(Raw_Data!B4:F4) -> 141.1778 | C4: =_xludf.STDEV.S(Raw_Data!B4:F4) -> #NAME? | D4: =COUNT(Raw_Data!B4:F4) -> 5 | E4: =C4/SQRT(D4) -> #NAME? | F4: =_xludf.T.INV.2T(0.05,D4-1) -> #NAME? | G4: =E4*F4 -> #NAME? | H4: =B4-G4 -> #NAME? | I4: =B4+G4 -> #NAME? | J4: =1/A4 -> 0.015562469 | K4: =1/B4 -> 0.0070832666 | L4: =K4-1/I4 -> #NAME? | M4: =1/H4-K4 -> #NAME? | N4: =Fit_Summary!B5+Fit_Summary!B6*J4 -> 0.0069903026 | O4: =K4-N4 -> 9.2964056e-05 | P4: =1/N4 -> 143.05532
A5: =Raw_Data!A5 -> 85.033143 | B5: =AVERAGE(Raw_Data!B5:F5) -> 146.5958 | C5: =_xludf.STDEV.S(Raw_Data!B5:F5) -> #NAME? | D5: =COUNT(Raw_Data!B5:F5) -> 5 | E5: =C5/SQRT(D5) -> #NAME? | F5: =_xludf.T.INV.2T(0.05,D5-1) -> #NAME? | G5: =E5*F5 -> #NAME? | H5: =B5-G5 -> #NAME? | I5: =B5+G5 -> #NAME? | J5: =1/A5 -> 0.01176012 | K5: =1/B5 -> 0.0068214778 | L5: =K5-1/I5 -> #NAME? | M5: =1/H5-K5 -> #NAME? | N5: =Fit_Summary!B5+Fit_Summary!B6*J5 -> 0.0066912608 | O5: =K5-N5 -> 0.00013021707 | P5: =1/N5 -> 149.44867
A6: =Raw_Data!A6 -> 160.74241 | B6: =AVERAGE(Raw_Data!B6:F6) -> 160.7184 | C6: =_xludf.STDEV.S(Raw_Data!B6:F6) -> #NAME? | D6: =COUNT(Raw_Data!B6:F6) -> 5 | E6: =C6/SQRT(D6) -> #NAME? | F6: =_xludf.T.INV.2T(0.05,D6-1) -> #NAME? | G6: =E6*F6 -> #NAME? | H6: =B6-G6 -> #NAME? | I6: =B6+G6 -> #NAME? | J6: =1/A6 -> 0.0062211335 | K6: =1/B6 -> 0.0062220629 | L6: =K6-1/I6 -> #NAME? | M6: =1/H6-K6 -> #NAME? | N6: =Fit_Summary!B5+Fit_Summary!B6*J6 -> 0.0062556382 | O6: =K6-N6 -> -3.3575258e-05 | P6: =1/N6 -> 159.85579
A7: =Raw_Data!A7 -> 200.95374 | B7: =AVERAGE(Raw_Data!B7:F7) -> 165.7216 | C7: =_xludf.STDEV.S(Raw_Data!B7:F7) -> #NAME? | D7: =COUNT(Raw_Data!B7:F7) -> 5 | E7: =C7/SQRT(D7) -> #NAME? | F7: =_xludf.T.INV.2T(0.05,D7-1) -> #NAME? | G7: =E7*F7 -> #NAME? | H7: =B7-G7 -> #NAME? | I7: =B7+G7 -> #NAME? | J7: =1/A7 -> 0.0049762697 | K7: =1/B7 -> 0.0060342164 | L7: =K7-1/I7 -> #NAME? | M7: =1/H7-K7 -> #NAME? | N7: =Fit_Summary!B5+Fit_Summary!B6*J7 -> 0.0061577339 | O7: =K7-N7 -> -0.00012351745 | P7: =1/N7 -> 162.3974

Sheet Fit_Summary
A1: Metric | B1: Value | C1: Units | D1: Notes
A2: Case | B2: 200K_arm_pristine
A3: Number of lengths | B3: 6
A4: Fit equation | B4: 1/kappa = a + b/L | D4: Unweighted OLS primary fit
A5: Intercept a | B5: 0.0057663671 | C5: m K W^-1 | D5: Primary fit
A6: Slope b | B6: 0.078646615 | C6: nm m K W^-1 | D6: Primary fit
A7: R^2 | B7: 0.98536993 | D7: Descriptive; inspect residuals
A8: Adjusted R^2 | B8: 0.98171242
A9: RMSE | B9: 0.00010926863 | C9: m K W^-1 | D9: Residual scale
A10: Intercept standard error | B10: 8.6579241e-05 | C10: m K W^-1 | D10: Regression-only SE
A11: Slope standard error | B11: 0.0047915227 | C11: nm m K W^-1 | D11: Regression-only SE
A12: kappa_inf = 1/a | B12: =1/B5 -> 173.41941 | C12: W m^-1 K^-1 | D12: Direct fit; final uncertainty comes from bootstrap
A13: lambda_eff = b/a | B13: =B6/B5 -> 13.63885 | C13: nm | D13: Effective characteristic MFP
A14: Weighted sensitivity kappa_inf | B14: 176.7402 | C14: W m^-1 K^-1 | D14: Sensitivity only; not primary
A15: Weighted sensitivity lambda_eff | B15: 15.690558 | C15: nm | D15: Sensitivity only; not primary
A16: Weighted sensitivity R^2 | B16: 0.97681439 | D16: Approximate reciprocal-SE weights
A17: Without shortest length kappa_inf | B17: 175.46146 | C17: W m^-1 K^-1 | D17: Stability check
A18: Without shortest length lambda_eff | B18: 14.971856 | C18: nm | D18: Stability check
A19: Without shortest length R^2 | B19: 0.98046004 | D19: Stability check

Sheet Bootstrap_Summary
A1: Quantity | B1: Median | C1: Lower_95 | D1: Upper_95 | E1: Lower_Error | F1: Upper_Error | G1: Mean | H1: SD | I1: Units | J1: Finite_Samples | K1: Bootstrap diagnostic
A2: kappa_inf | B2: 173.44179 | C2: 170.90967 | D2: 176.0815 | E2: 2.5321246 | F2: 2.639703 | G2: 173.44858 | H2: 1.3385317 | I2: W m^-1 K^-1 | J2: 10000 | K2: Total iterations | L2: 10000
A3: lambda_eff | B3: 13.661993 | C3: 12.259469 | D3: 15.075756 | E3: 1.4025233 | F3: 1.4137638 | G3: 13.660428 | H3: 0.71965708 | I3: nm | J3: 10000 | K3: Physical fits | L3: 10000
A4: intercept_a | B4: 0.0057656231 | C4: 0.0056791885 | D4: 0.0058510441 | E4: 8.6434595e-05 | F4: 8.5421007e-05 | G4: 0.0057657405 | H4: 4.4477269e-05 | I4: m K W^-1 | J4: 10000 | K4: Nonphysical fits | L4: 0
A5: slope_b | B5: 0.078783193 | C5: 0.071661986 | D5: 0.085742098 | E5: 0.0071212068 | F5: 0.0069589054 | G5: 0.078732533 | H5: 0.0035870473 | I5: nm m K W^-1 | J5: 10000 | K5: Physical fit rate | L5: 1

Sheet Bootstrap_Samples
A1: Iteration | B1: Intercept_a | C1: Slope_b | D1: Kappa_inf | E1: Lambda_eff_nm | F1: Physical_fit
A2: 1 | B2: 0.0057480008 | C2: 0.081112416 | D2: 173.97353 | E2: 14.111413 | F2: TRUE
A3: 2 | B3: 0.0057481723 | C3: 0.077053931 | D3: 173.96834 | E3: 13.404945 | F3: TRUE
A4: 3 | B4: 0.0057088914 | C4: 0.082068075 | D4: 175.16536 | E4: 14.375484 | F4: TRUE
A5: 4 | B5: 0.0057809189 | C5: 0.076146853 | D5: 172.98288 | E5: 13.172102 | F5: TRUE
A6: 5 | B6: 0.0057251724 | C6: 0.081195982 | D6: 174.66723 | E6: 14.182277 | F6: TRUE
A7: 6 | B7: 0.0058281621 | C7: 0.073566498 | D7: 171.58068 | E7: 12.62259 | F7: TRUE
A8: 7 | B8: 0.00577921 | C8: 0.077685042 | D8: 173.03403 | E8: 13.442156 | F8: TRUE
A9: 8 | B9: 0.0057705908 | C9: 0.074624143 | D9: 173.29248 | E9: 12.931803 | F9: TRUE
A10: 9 | B10: 0.005675151 | C10: 0.087046337 | D10: 176.20676 | E10: 15.338153 | F10: TRUE
A11: 10 | B11: 0.0057576021 | C11: 0.081292876 | D11: 173.68341 | E11: 14.119224 | F11: TRUE
A12: 11 | B12: 0.0057972344 | C12: 0.077849654 | D12: 172.49604 | E12: 13.428757 | F12: TRUE
A13: 12 | B13: 0.0057271229 | C13: 0.078369652 | D13: 174.60774 | E13: 13.683948 | F13: TRUE
... A10001: 10000 | B10001: 0.0058108919 | C10001: 0.076111946 | D10001: 172.09062 | E10001: 13.098152 | F10001: TRUE

Sheet Sensitivity
A1: Excluded_Length_nm | B1: Intercept_a | C1: Slope_b | D1: R2 | E1: Kappa_inf | F1: Lambda_eff_nm | G1: Kappa_inf_change_pct | H1: Lambda_eff_change_pct
A2: 31.835539 | B2: 0.0056992573 | C2: 0.085328458 | D2: 0.98046004 | E2: 175.46146 | F2: 14.971856 | G2: 1.177519 | H2: 9.7735948
A3: 43.504887 | B3: 0.0057670965 | C3: 0.078460971 | D3: 0.98318814 | E3: 173.39748 | F3: 13.604935 | G3: -0.012647938 | H3: -0.24866649
A4: 64.257158 | B4: 0.0057480273 | C4: 0.07863026 | D4: 0.98850552 | E4: 173.97273 | F4: 13.679521 | G4: 0.31906212 | H4: 0.29819978
A5: 85.033143 | B5: 0.0057215496 | C5: 0.079803264 | D5: 0.99172884 | E5: 174.77783 | F5: 13.947841 | G5: 0.78331037 | H5: 2.2655213
A6: 160.74241 | B6: 0.0057886026 | C6: 0.077751509 | D6: 0.98205368 | E6: 172.75326 | F6: 13.431827 | G6: -0.38412572 | H6: -1.5178905
A7: 200.95374 | B7: 0.0058617777 | C7: 0.074626472 | D7: 0.98936913 | E7: 170.59671 | F7: 12.731031 | G7: -1.627674 | H7: -6.6561267

Sheet Diagnostics
A1: Check | B1: Value | C1: Status | D1: Interpretation
A2: Positive intercept | B2: 0.0057663671 | C2: PASS | D2: A positive intercept is required for a positive infinite-length conductivity.
A3: Positive slope | B3: 0.078646615 | C3: PASS | D3: A positive slope is expected for the selected finite-size suppression model.
A4: Reciprocal-fit R^2 | B4: 0.98536993 | C4: PASS | D4: R^2 is descriptive only; residuals and sensitivity checks remain necessary.
A5: Physical bootstrap fits | B5: 100.000% | C5: PASS | D5: Nonphysical bootstrap fits are retained and counted rather than silently deleted.
A6: Shortest-length exclusion: kappa_inf | B6: 175.46146 | C6: PASS | D6: Checks whether the extrapolated conductivity remains within the primary bootstrap interval.
A7: Shortest-length exclusion: lambda_eff | B7: 14.971856 | C7: PASS | D7: Checks whether the characteristic MFP remains within the primary bootstrap interval.
A8: Maximum leave-one-length-out kappa_inf change | B8: 1.628% (exclude 200.954 nm) | C8: PASS | D8: Large changes indicate that one length strongly influences the intercept.
A9: Maximum leave-one-length-out lambda_eff change | B9: 9.774% | C9: PASS | D9: The MFP ratio is usually more sensitive than the conductivity intercept.
A10: Number of simulated lengths | B10: 6 | C10: PASS | D10: Five or more lengths generally provide a more defensible intercept and sensitivity analysis.

Sheet OriginPro_Data
A1: Length_nm_X | B1: Mean_kappa_Y | C1: Kappa_95CI_YError | D1: One_over_L_X | E1: One_over_kappa_Y | F1: Reciprocal_negative_YError | G1: Reciprocal_positive_YError | H1: Fitted_reciprocal_Y | I1: Residual | J1: Predicted_kappa
A2: 31.835539 | B2: 122.5288 | C2: 4.9440456 | D2: 0.031411436 | E2: 0.0081613466 | F2: 0.00031653855 | G2: 0.00034315732 | H2: 0.0082367702 | I2: -7.5423672e-05 | J2: 121.40681
A3: 43.504887 | B3: 131.8658 | C3: 2.9299027 | D3: 0.022985923 | E3: 0.0075834674 | F3: 0.00016483331 | G3: 0.00017232456 | H3: 0.0075741322 | I3: 9.3352617e-06 | J3: 132.02833
A4: 64.257158 | B4: 141.1778 | C4: 1.6351511 | D4: 0.015562469 | E4: 0.0070832666 | F4: 8.1100568e-05 | G4: 8.300123e-05 | H4: 0.0069903026 | I4: 9.2964056e-05 | J4: 143.05532
A5: 85.033143 | B5: 146.5958 | C5: 2.2564597 | D5: 0.01176012 | E5: 0.0068214778 | F5: 0.00010340716 | G5: 0.0001066403 | H5: 0.0066912608 | I5: 0.00013021707 | J5: 149.44867
A6: 160.74241 | B6: 160.7184 | C6: 4.4915081 | D6: 0.0062211335 | E6: 0.0062220629 | F6: 0.0001691572 | G6: 0.00017888371 | H6: 0.0062556382 | I6: -3.3575258e-05 | J6: 159.85579
A7: 200.95374 | B7: 165.7216 | C7: 2.1189977 | D7: 0.0049762697 | E7: 0.0060342164 | F7: 7.6182346e-05 | G7: 7.815579e-05 | H7: 0.0061577339 | I7: -0.00012351745 | J7: 162.3974
A10: Quantity | B10: Median_Y | C10: Lower_YError | D10: Upper_YError
A11: kappa_inf | B11: 173.44179 | C11: 2.5321246 | D11: 2.639703
A12: lambda_eff | B12: 13.661993 | C12: 1.4025233 | D12: 1.4137638

Sheet Figures
